query	available_tools	ref_model_intermediate_steps	ref_model_final_step	output_model_intermediate_steps	output_model_final_step	preference_label	query_id	ref_model	output_model
I'm a football enthusiast and I want to know more about Lionel Messi's career. Can you provide me with information about Messi's clubs, managers, teammates, and referees? I'm also curious about any notable transfers he has made.	['songkick_concert_for_theclique', 'songkick_artist_for_theclique', 'songkick_festivals_for_theclique', 'transfermarkt_search_for_theclique', 'list_artist_concerts_for_theclique', 'get_artist_overview_for_theclique', 'transfermarkt_details_for_theclique', 'songkick_search_artist_for_theclique', 'tunefind_for_details_for_theclique', 'get_info_about_artist_for_theclique', 'Finish']	"Step 1: {'name': 'transfermarkt_search_for_theclique', 'arguments': '{\n  ""name"": ""Lionel Messi""\n}', 'response': '{""error"": """", ""response"": ""Lionel Messi, born on June 24, 1987, in Rosario, Argentina, is a professional footballer who plays as a forward for Paris Saint-Germain and the Argentina national team. Known for his extraordinary dribbling skills, vision, and scoring ability, Messi is considered one of the greatest footballers of all time. He has won numerous awards throughout his career, including the FIFA Ballon d\'Or multiple times. Messi began his professional career with Barcelona, where he spent over 20 years, before moving to Paris Saint-Germain in 2021.""}'}
Step 2: {'name': 'transfermarkt_details_for_theclique', 'arguments': '{\n  ""type_s"": ""players"",\n  ""other"": """",\n  ""id_talent"": """",\n  ""part_slug"": ""lionel-messi""\n}', 'response': '{""error"": """", ""response"": ""Based on the provided input parameters, the \'Transfermarkt details\' API has received a request under the \'players\' category with a \'part_slug\' parameter set to \'lionel-messi\'. This indicates a specific interest in obtaining detailed information about Lionel Messi, one of the most celebrated football players globally. The API, leveraging its access to the comprehensive Transfermarkt database, is capable of fetching a wide array of data related to Lionel Messi. This includes, but is not limited to, his career statistics, current club affiliation, historical performance data across various leagues and tournaments, market value trends over time, and personal achievements such as awards and recognitions. This detailed insight into Messi\'s professional journey offers a holistic view of his impact on the sport, highlighting his contributions to the clubs he has been part of and his standing in the world of football.""}'}
Step 3: {'name': 'songkick_search_artist_for_theclique', 'arguments': '{\n  ""artist_name"": ""Lionel Messi""\n}', 'response': '{""error"": """", ""response"": {""results"": []}}'}
Step 4: {'name': 'get_artist_overview_for_theclique', 'arguments': '{\n  ""id_artist"": ""lionel-messi""\n}', 'response': '{""error"": """", ""response"": ""The \'Get Artist Overview\' API for TheClique company is designed to provide detailed information about an artist when their unique Artist ID is entered. For the input Artist ID \'lionel-messi\', the API would typically return an overview that includes the artist\'s name, genre, biography, discography, and links to their social media profiles or music platforms. This comprehensive overview is intended to offer fans and interested parties a thorough understanding of the artist\'s career, their influences, and any ongoing projects. It\'s important to note that the specific content returned by this API call would be based on the information available in TheClique\'s database for the Artist ID \'lionel-messi\'. However, if \'lionel-messi\' does not correspond to a valid Artist ID in TheClique\'s database, the API might return an error or a message indicating that the artist could not be found.""}'}
Step 5: {'name': 'songkick_artist_for_theclique', 'arguments': '{\n  ""artist_id"": ""lionel-messi""\n}', 'response': '{""error"": """", ""response"": {""on_tour"": ""no""}}'}
Step 6: {'name': 'list_artist_concerts_for_theclique', 'arguments': '{\n  ""id_artist"": ""lionel-messi""\n}', 'response': '{""error"": """", ""response"": ""The input provided does not match the expected format for the \'List Artist Concerts\' API. The API is designed to receive an Artist ID related to musical artists, not sports personalities. Please ensure you are using the correct ID for a musical artist to retrieve information about their concerts. For example, an input should be in the format of a music artist\'s unique identifier, such as \'ed-sheeran\' or \'beyonce\'. Once a valid Artist ID is provided, the API will return a list of upcoming and past concerts, including dates, locations, and ticket information for that specific artist.""}'}"	"Final step: {'name': 'list_artist_concerts_for_theclique', 'arguments': '{\n  ""id_artist"": ""lionel-messi""\n}', 'response': '{""error"": """", ""response"": ""The input provided does not match the expected format for the \'List Artist Concerts\' API. The API is designed to receive an Artist ID related to musical artists, not sports personalities. Please ensure you are using the correct ID for a musical artist to retrieve information about their concerts. For example, an input should be in the format of a music artist\'s unique identifier, such as \'ed-sheeran\' or \'beyonce\'. Once a valid Artist ID is provided, the API will return a list of upcoming and past concerts, including dates, locations, and ticket information for that specific artist.""}'}"	"Step 1: {'name': 'transfermarkt_search_for_theclique', 'arguments': '{\n  ""name"": ""Lionel Messi""\n}', 'response': '{""error"": """", ""response"": ""Lionel Messi is an Argentine professional footballer who plays as a forward. He is considered one of the greatest players of all time and has spent the majority of his career at FC Barcelona before transferring to Paris Saint-Germain in August 2021. During his time with Barcelona, he won numerous club titles, including 10 La Liga titles and 4 UEFA Champions League titles. Messi has also been awarded the Ballon d\'Or, given to the world\'s best player, 7 times in his career, a record as of the current date. In the 2020-2021 season with Barcelona, prior to his transfer, Messi scored 30 goals in La Liga and had 9 assists. Following his move to PSG, Messi has been adapting to the French league, known as Ligue 1, and has contributed to the team with key goals and assists. With the Argentina national team, Messi has achieved significant success, culminating in winning the Copa America in 2021, where he played a pivotal role in the team\'s victory.""}'}
Step 2: {'name': 'list_artist_concerts_for_theclique', 'arguments': '{\n  ""id_artist"": ""28003""\n}', 'response': '{""error"": """", ""response"": {""artist_id"": ""28003"", ""concerts"": [{""concert_id"": ""30125"", ""venue"": ""Red Rocks Amphitheatre"", ""location"": ""Morrison, Colorado"", ""date"": ""2023-06-15"", ""time"": ""20:00""}, {""concert_id"": ""32347"", ""venue"": ""Wembley Stadium"", ""location"": ""London, England"", ""date"": ""2023-07-08"", ""time"": ""19:45""}, {""concert_id"": ""34218"", ""venue"": ""Sydney Opera House"", ""location"": ""Sydney, Australia"", ""date"": ""2023-08-12"", ""time"": ""20:30""}, {""concert_id"": ""36002"", ""venue"": ""Tokyo Dome"", ""location"": ""Tokyo, Japan"", ""date"": ""2023-09-20"", ""time"": ""19:00""}], ""additional_info"": ""For ticket pricing, seating options, and additional tour dates, please visit the official artist website or the venue\'s ticketing platform. Stay tuned for more updates on possible meet and greet events and merchandise sales at concert venues.""}}'}
Step 3: {'name': 'transfermarkt_details_for_theclique', 'arguments': '{\n  ""type_s"": ""players"",\n  ""other"": """",\n  ""id_talent"": ""28003"",\n  ""part_slug"": """"\n}', 'response': '{""error"": """", ""response"": {""name"": ""Cristiano Ronaldo"", ""id"": ""28003"", ""profile"": {""position"": ""Forward"", ""current_club"": ""Al Nassr"", ""nationality"": [""Portugal""], ""age"": 37}, ""performance_data"": {""appearances"": {""current_season"": 10, ""total"": 895}, ""goals"": {""current_season"": 7, ""total"": 725}, ""assists"": {""current_season"": 3, ""total"": 223}}, ""market_value"": {""current"": ""45M \\u20ac"", ""highest"": ""120M \\u20ac""}, ""contract"": {""duration"": ""until 30.06.2025"", ""option"": null}, ""slug"": ""cristiano-ronaldo""}}'}
Step 4: {'name': 'get_artist_overview_for_theclique', 'arguments': '{\n  ""id_artist"": ""28003""\n}', 'response': '{""error"": """", ""response"": ""Artist Overview for ID 28003: The artist known as ID 28003 has established a unique position within the realm of global music. With a talent for merging traditional sounds with contemporary beats, they have created a niche following that stretches across different continents. The artist\'s journey in the music industry is marked by a series of innovative albums that have both challenged and delighted listeners. Their work often features multilingual lyrics, showcasing their versatility and global appeal. Not only have their tracks climbed the charts, but they have also played a pivotal role in popularizing certain underrepresented music genres. The artist\'s live shows are a masterful display of light and sound, providing a spectacular experience for concertgoers. Awards and nominations across various music categories are a testament to the artist\\u2019s prowess and critical reception. Their social media platforms are abuzz with activity, indicating a closely-knit community of followe...'}
Step 5: {'name': 'Finish', 'arguments': '{\n  ""return_type"": ""give_answer"",\n  ""final_answer"": ""Lionel Messi has had a remarkable career in football. He is considered one of the greatest players of all time. Messi is famously associated with FC Barcelona, where he played from 2004 to 2021. During that time, he won numerous domestic and international titles, including the UEFA Champions League and multiple La Liga championships. Messi had the privilege of working with esteemed coaches such as Pep Guardiola, Luis Enrique, and Ronald Koeman. He played alongside talented teammates such as Andres Iniesta, Xavi Hernandez, Neymar, and Luis Suarez. Messi recently made a high-profile transfer to Paris Saint-Germain (PSG) in August 2021. Unfortunately, I don\'t have information about his referees. Overall, Messi\'s career is marked by incredible achievements and contributions to the sport of football.""\n}', 'response': ''}"	"Final step: {'name': 'Finish', 'arguments': '{\n  ""return_type"": ""give_answer"",\n  ""final_answer"": ""Lionel Messi has had a remarkable career in football. He is considered one of the greatest players of all time. Messi is famously associated with FC Barcelona, where he played from 2004 to 2021. During that time, he won numerous domestic and international titles, including the UEFA Champions League and multiple La Liga championships. Messi had the privilege of working with esteemed coaches such as Pep Guardiola, Luis Enrique, and Ronald Koeman. He played alongside talented teammates such as Andres Iniesta, Xavi Hernandez, Neymar, and Luis Suarez. Messi recently made a high-profile transfer to Paris Saint-Germain (PSG) in August 2021. Unfortunately, I don\'t have information about his referees. Overall, Messi\'s career is marked by incredible achievements and contributions to the sport of football.""\n}', 'response': ''}"	2	588	virtual_chatgpt_cot	virtual_chatgpt_dfs
I'm a fan of the streamer 'gmhikaru' on Kick.com and I want to explore their channel. Can you provide me with the channel clips and the channel details? I'm eager to learn more about their content.	['get_channel_clips_for_kick_com_api_kick_api', 'get_chat_user_like_user_from_chat_for_kick_com_api_kick_api', 'get_chatroom_rules_for_kick_com_api_kick_api', 'get_channel_links_for_kick_com_api_kick_api', 'get_channel_polls_for_kick_com_api_kick_api', 'get_channel_chatroom_for_kick_com_api_kick_api', 'get_channel_emotes_for_kick_com_api_kick_api', 'get_channel_livestream_info_for_kick_com_api_kick_api', 'get_channel_details_for_kick_com_api_kick_api', 'get_chat_messages_for_kick_com_api_kick_api', 'Finish']	"Step 1: {'name': 'get_channel_clips_for_kick_com_api_kick_api', 'arguments': '{\n  ""cursor"": """",\n  ""channel_name"": ""gmhikaru""\n}', 'response': '{""error"": """", ""response"": ""The \'Get Channel Clips\' API for the \'gmhikaru\' channel returned a collection of the most recent and popular clips. These clips highlight key moments, such as remarkable gameplay, insightful commentary, and unique interactions with the audience. Due to privacy settings and copyright considerations, the specific content of these clips cannot be shared directly in this response. However, users can view these highlights by visiting the \'gmhikaru\' channel on Kick.com and navigating to the Clips section. This feature is particularly useful for fans and followers who may have missed live broadcasts and want to catch up on notable moments. Additionally, content creators can use these clips to engage with their community, promote their channel, and reach a wider audience.""}'}
Step 2: {'name': 'get_channel_details_for_kick_com_api_kick_api', 'arguments': '{\n  ""channel_name"": ""gmhikaru""\n}', 'response': '{""error"": """", ""response"": {""channel_details"": {""name"": ""gmhikaru"", ""status"": ""live"", ""title"": ""Speed Chess Championship"", ""viewers"": 4523, ""followers"": 756000, ""category"": ""Chess"", ""started_at"": ""2023-04-15T14:00:00Z"", ""language"": ""English"", ""description"": ""GM Hikaru Nakamura streaming the Speed Chess Championship. Join the community for real-time chess games, analysis, and more!"", ""thumbnail_url"": ""https://example.com/thumbnail/gmhikaru.jpg"", ""tags"": [""chess"", ""speedchess"", ""competition""]}}}'}
Step 3: {'name': 'Finish', 'arguments': '{\n  ""return_type"": ""give_answer"",\n  ""final_answer"": ""You can visit the \'gmhikaru\' channel on Kick.com and navigate to the Clips section to view the collection of the most recent and popular highlights, such as remarkable gameplay, insightful commentary, and unique interactions with the audience. Additionally, \'gmhikaru\' is currently live streaming the Speed Chess Championship, with 4,523 viewers and 756,000 followers. The channel is in the Chess category and started on April 15, 2023, at 14:00 UTC. The stream is in English and the description invites you to join the community for real-time chess games, analysis, and more! Feel free to explore \'gmhikaru\' on Kick.com for more information and exciting content!""\n}', 'response': ''}"	"Final step: {'name': 'Finish', 'arguments': '{\n  ""return_type"": ""give_answer"",\n  ""final_answer"": ""You can visit the \'gmhikaru\' channel on Kick.com and navigate to the Clips section to view the collection of the most recent and popular highlights, such as remarkable gameplay, insightful commentary, and unique interactions with the audience. Additionally, \'gmhikaru\' is currently live streaming the Speed Chess Championship, with 4,523 viewers and 756,000 followers. The channel is in the Chess category and started on April 15, 2023, at 14:00 UTC. The stream is in English and the description invites you to join the community for real-time chess games, analysis, and more! Feel free to explore \'gmhikaru\' on Kick.com for more information and exciting content!""\n}', 'response': ''}"	"Step 1: {'name': 'get_channel_clips_for_kick_com_api_kick_api', 'arguments': '{\n  ""cursor"": """",\n  ""channel_name"": ""gmhikaru""\n}', 'response': '{""error"": """", ""response"": {""clips"": [{""id"": ""AwkwardHelplessSalamanderSwiftRage"", ""url"": ""https://clips.kick.com/AwkwardHelplessSalamanderSwiftRage"", ""embed_url"": ""https://clips.kick.com/embed/AwkwardHelplessSalamanderSwiftRage"", ""broadcaster_id"": ""106415781"", ""broadcaster_name"": ""gmhikaru"", ""creator_id"": ""12826"", ""creator_name"": ""ChessFan123"", ""video_id"": ""292586232"", ""game_id"": ""488552"", ""language"": ""en"", ""title"": ""Incredible endgame!"", ""view_count"": 15823, ""created_at"": ""2023-03-25T22:34:50Z"", ""thumbnail_url"": ""https://clips-media-assets.kick.com/262704865-preview-260x147.jpg""}, {""id"": ""SmoothBrainJokerBleedPurple"", ""url"": ""https://clips.kick.com/SmoothBrainJokerBleedPurple"", ""embed_url"": ""https://clips.kick.com/embed/SmoothBrainJokerBleedPurple"", ""broadcaster_id"": ""106415781"", ""broadcaster_name"": ""gmhikaru"", ""creator_id"": ""47401"", ""creator_name"": ""EpicGamer42"", ""video_id"": ""292634411"", ""game_id"": ""488552"", ""language"": ""en"", ""title"": ""Hilarious blunder in Blitz game"", ""view_count"": 20391, ""created_at"": ""20...'}
Step 2: {'name': 'get_channel_details_for_kick_com_api_kick_api', 'arguments': '{\n  ""channel_name"": ""gmhikaru""\n}', 'response': '{""error"": """", ""response"": {""channel_name"": ""gmhikaru"", ""title"": ""Grandmaster Chess Tactics and Analysis"", ""status"": ""live"", ""viewers"": 3200, ""followers"": 500000, ""partnered"": true, ""language"": ""English"", ""broadcaster_type"": ""partner"", ""game_category"": ""Chess"", ""stream_started"": ""2023-04-07T15:30:00Z"", ""mature_content"": false, ""channel_description"": ""Join GM Hikaru as he discusses chess strategies, breaks down famous games, and challenges viewers to puzzles."", ""tags"": [""Chess"", ""Educational"", ""Interactive"", ""Competitive""], ""logo"": ""https://kick.com/user/gmhikaru/logo.jpg"", ""banner"": ""https://kick.com/user/gmhikaru/banner.jpg"", ""video_banner"": ""https://kick.com/user/gmhikaru/video-banner.jpg"", ""badges"": [""Grandmaster"", ""Educator"", ""Entertainer""], ""social_media"": {""twitter"": ""https://twitter.com/gmhikaru"", ""youtube"": ""https://www.youtube.com/user/GMHikaru"", ""instagram"": ""https://www.instagram.com/gmhikaru/"", ""discord"": ""https://discord.gg/hikaru""}, ""donations"": {""patreon"": ""https://www.patreon.com/gmhikaru"", ""pa...'}
Step 3: {'name': 'Finish', 'arguments': '{\n  ""return_type"": ""give_answer"",\n  ""final_answer"": ""The \'gmhikaru\' channel on Kick.com is a Grandmaster Chess Tactics and Analysis channel. It is currently live with 3200 viewers and has 500,000 followers. The channel is partnered and mainly focuses on chess content. The stream started on 2023-04-07 at 15:30:00 UTC. The channel offers educational, interactive, and competitive chess content. You can find more information about gmhikaru on their social media platforms such as Twitter, YouTube, Instagram, and Discord. Donations can be made through Patreon and PayPal. Here are a couple of clips from the channel: \'Incredible endgame!\' with 15,823 views and \'Hilarious blunder in Blitz game\' with 20,391 views.""\n}', 'response': ''}"	"Final step: {'name': 'Finish', 'arguments': '{\n  ""return_type"": ""give_answer"",\n  ""final_answer"": ""The \'gmhikaru\' channel on Kick.com is a Grandmaster Chess Tactics and Analysis channel. It is currently live with 3200 viewers and has 500,000 followers. The channel is partnered and mainly focuses on chess content. The stream started on 2023-04-07 at 15:30:00 UTC. The channel offers educational, interactive, and competitive chess content. You can find more information about gmhikaru on their social media platforms such as Twitter, YouTube, Instagram, and Discord. Donations can be made through Patreon and PayPal. Here are a couple of clips from the channel: \'Incredible endgame!\' with 15,823 views and \'Hilarious blunder in Blitz game\' with 20,391 views.""\n}', 'response': ''}"	2	608	virtual_chatgpt_cot	virtual_chatgpt_dfs
I want to plan a surprise birthday party for my friend. Can you suggest popular sites and main keywords for the search query 'birthday party ideas'? I want to gather inspiration and plan a memorable event.	['popularsitesforquery_for_keyword_analysis', 'querykeywords_for_keyword_analysis', 'similarqueries_for_keyword_analysis', 'Finish']	"Step 1: {'name': 'popularsitesforquery_for_keyword_analysis', 'arguments': '{\n  ""q"": ""birthday party ideas""\n}', 'response': '{""error"": """", ""response"": ""[{\\""name\\"":\\""pinterest.com\\"",\\""score\\"":0.087}, {\\""name\\"":\\""marthastewart.com\\"",\\""score\\"":0.064}, {\\""name\\"":\\""partydelights.co.uk\\"",\\""score\\"":0.058}, {\\""name\\"":\\""shindigz.com\\"",\\""score\\"":0.052}, {\\""name\\"":\\""birthdayinabox.com\\"",\\""score\\"":0.049}, {\\""name\\"":\\""orientaltrading.com\\"",\\""score\\"":0.045}, {\\""name\\"":\\""evite.com\\"",\\""score\\"":0.042}, {\\""name\\"":\\""partycity.com\\"",\\""score\\"":0.037}, {\\""name\\"":\\""catchmyparty.com\\"",\\""score\\"":0.035}, {\\""name\\"":\\""karaspartyideas.com\\"",\\""score\\"":0.033}, {\\""name\\"":\\""etsy.com\\"",\\""score\\"":0.029}, {\\""name\\"":\\""thepioneerwoman.com\\"",\\""score\\"":0.024}, {\\""name\\"":\\""birthdayexpress.com\\"",\\""score\\"":0.022}, {\\""name\\"":\\""hwtm.com\\"",\\""score\\"":0.020}, {\\""name\\"":\\""parents.com\\"",\\""score\\"":0.018}, {\\""name\\"":\\""goodhousekeeping.com\\"",\\""score\\"":0.015}, {\\""name\\"":\\""realsimple.com\\"",\\""score\\"":0.013}, {\\""name\\"":\\""buzzfeed.com\\"",\\""score\\"":0.011}, {\\""name\\"":\\""ballooninspirations.com\\"",\\""score\\"":0.009}, {\\""name\\"":\\""birthdaydirect.com\\"",\\""score\\"":0.007}]""}'}
Step 2: {'name': 'querykeywords_for_keyword_analysis', 'arguments': '{\n  ""q"": ""birthday party ideas""\n}', 'response': '{""error"": """", ""response"": ""<b><i>party</i></b>,<b><i>ideas</i></b>,<i>birthday</i>""}'}
Step 3: {'name': 'Finish', 'arguments': '{\n  ""return_type"": ""give_answer"",\n  ""final_answer"": ""For the search query \'birthday party ideas\', some popular sites that offer inspiration for planning a memorable event are Pinterest.com, MarthaStewart.com, PartyDelights.co.uk, Shindigz.com, and BirthdayInABox.com. The main keywords for this query are \'party\', \'ideas\', and \'birthday\'. You can visit these websites and use the keywords to gather inspiration and plan a memorable birthday party for your friend.""\n}', 'response': ''}"	"Final step: {'name': 'Finish', 'arguments': '{\n  ""return_type"": ""give_answer"",\n  ""final_answer"": ""For the search query \'birthday party ideas\', some popular sites that offer inspiration for planning a memorable event are Pinterest.com, MarthaStewart.com, PartyDelights.co.uk, Shindigz.com, and BirthdayInABox.com. The main keywords for this query are \'party\', \'ideas\', and \'birthday\'. You can visit these websites and use the keywords to gather inspiration and plan a memorable birthday party for your friend.""\n}', 'response': ''}"	"Step 1: {'name': 'popularsitesforquery_for_keyword_analysis', 'arguments': '{\n""q"": ""birthday party ideas""\n}', 'response': '{""error"": """", ""response"": [{""name"": ""pinterest.com"", ""score"": 0.112}, {""name"": ""marthastewart.com"", ""score"": 0.088}, {""name"": ""birthdayinabox.com"", ""score"": 0.071}, {""name"": ""shindigz.com"", ""score"": 0.067}, {""name"": ""orientaltrading.com"", ""score"": 0.063}, {""name"": ""evite.com"", ""score"": 0.059}, {""name"": ""partycity.com"", ""score"": 0.055}, {""name"": ""theknot.com"", ""score"": 0.052}, {""name"": ""catchmyparty.com"", ""score"": 0.045}, {""name"": ""karaspartyideas.com"", ""score"": 0.042}, {""name"": ""hwtm.com"", ""score"": 0.04}, {""name"": ""etsy.com"", ""score"": 0.038}, {""name"": ""brit.co"", ""score"": 0.035}, {""name"": ""celebrations.com"", ""score"": 0.033}, {""name"": ""birthdayexpress.com"", ""score"": 0.031}]}'}
Step 2: {'name': 'querykeywords_for_keyword_analysis', 'arguments': '{\n""q"": ""birthday party ideas""\n}', 'response': '{""error"": """", ""response"": ""<b><i>birthday</i></b>,<b><i>party</i></b>,<i>ideas</i>""}'}
Step 3: {'name': 'Finish', 'arguments': '{\n""return_type"": ""give_answer"",\n""final_answer"": ""Popular sites for the search query \'birthday party ideas\' include Pinterest, Martha Stewart, Birthday in a Box, and Shindigz. The main keywords for the query are \'birthday\', \'party\', and \'ideas\'. Explore these sites and use these keywords to gather inspiration and plan a memorable surprise birthday party for your friend.""\n}', 'response': ''}"	"Final step: {'name': 'Finish', 'arguments': '{\n""return_type"": ""give_answer"",\n""final_answer"": ""Popular sites for the search query \'birthday party ideas\' include Pinterest, Martha Stewart, Birthday in a Box, and Shindigz. The main keywords for the query are \'birthday\', \'party\', and \'ideas\'. Explore these sites and use these keywords to gather inspiration and plan a memorable surprise birthday party for your friend.""\n}', 'response': ''}"	2	1073	virtual_chatgpt_cot	virtual_chatgpt_dfs
