query	available_tools	model_intermediate_steps	model_final_step	model	query_id	is_solved
I want to plan a surprise birthday party for my friend. Can you suggest popular sites and main keywords for the search query 'birthday party ideas'? I want to gather inspiration and plan a memorable event.	['popularsitesforquery_for_keyword_analysis', 'querykeywords_for_keyword_analysis', 'similarqueries_for_keyword_analysis', 'Finish']	"Step 1: {'name': 'popularsitesforquery_for_keyword_analysis', 'arguments': '{\n""q"": ""birthday party ideas""\n}', 'response': '{""error"": """", ""response"": [{""name"": ""pinterest.com"", ""score"": 0.112}, {""name"": ""marthastewart.com"", ""score"": 0.088}, {""name"": ""birthdayinabox.com"", ""score"": 0.071}, {""name"": ""shindigz.com"", ""score"": 0.067}, {""name"": ""orientaltrading.com"", ""score"": 0.063}, {""name"": ""evite.com"", ""score"": 0.059}, {""name"": ""partycity.com"", ""score"": 0.055}, {""name"": ""theknot.com"", ""score"": 0.052}, {""name"": ""catchmyparty.com"", ""score"": 0.045}, {""name"": ""karaspartyideas.com"", ""score"": 0.042}, {""name"": ""hwtm.com"", ""score"": 0.04}, {""name"": ""etsy.com"", ""score"": 0.038}, {""name"": ""brit.co"", ""score"": 0.035}, {""name"": ""celebrations.com"", ""score"": 0.033}, {""name"": ""birthdayexpress.com"", ""score"": 0.031}]}'}
Step 2: {'name': 'querykeywords_for_keyword_analysis', 'arguments': '{\n""q"": ""birthday party ideas""\n}', 'response': '{""error"": """", ""response"": ""<b><i>birthday</i></b>,<b><i>party</i></b>,<i>ideas</i>""}'}
Step 3: {'name': 'Finish', 'arguments': '{\n""return_type"": ""give_answer"",\n""final_answer"": ""Popular sites for the search query \'birthday party ideas\' include Pinterest, Martha Stewart, Birthday in a Box, and Shindigz. The main keywords for the query are \'birthday\', \'party\', and \'ideas\'. Explore these sites and use these keywords to gather inspiration and plan a memorable surprise birthday party for your friend.""\n}', 'response': ''}"	"Final step: {'name': 'Finish', 'arguments': '{\n""return_type"": ""give_answer"",\n""final_answer"": ""Popular sites for the search query \'birthday party ideas\' include Pinterest, Martha Stewart, Birthday in a Box, and Shindigz. The main keywords for the query are \'birthday\', \'party\', and \'ideas\'. Explore these sites and use these keywords to gather inspiration and plan a memorable surprise birthday party for your friend.""\n}', 'response': ''}"	virtual_chatgpt_dfs	1073	{0: 'AnswerStatus.Solved', 1: 'AnswerStatus.Solved', 2: 'AnswerStatus.Solved'}
I'm a fan of the streamer 'gmhikaru' on Kick.com and I want to explore their channel. Can you provide me with the channel clips and the channel details? I'm eager to learn more about their content.	['get_channel_clips_for_kick_com_api_kick_api', 'get_chat_user_like_user_from_chat_for_kick_com_api_kick_api', 'get_chatroom_rules_for_kick_com_api_kick_api', 'get_channel_links_for_kick_com_api_kick_api', 'get_channel_polls_for_kick_com_api_kick_api', 'get_channel_chatroom_for_kick_com_api_kick_api', 'get_channel_emotes_for_kick_com_api_kick_api', 'get_channel_livestream_info_for_kick_com_api_kick_api', 'get_channel_details_for_kick_com_api_kick_api', 'get_chat_messages_for_kick_com_api_kick_api', 'Finish']	"Step 1: {'name': 'get_channel_clips_for_kick_com_api_kick_api', 'arguments': '{\n  ""cursor"": """",\n  ""channel_name"": ""gmhikaru""\n}', 'response': '{""error"": """", ""response"": {""clips"": [{""id"": ""AwkwardHelplessSalamanderSwiftRage"", ""url"": ""https://clips.kick.com/AwkwardHelplessSalamanderSwiftRage"", ""embed_url"": ""https://clips.kick.com/embed/AwkwardHelplessSalamanderSwiftRage"", ""broadcaster_id"": ""106415781"", ""broadcaster_name"": ""gmhikaru"", ""creator_id"": ""12826"", ""creator_name"": ""ChessFan123"", ""video_id"": ""292586232"", ""game_id"": ""488552"", ""language"": ""en"", ""title"": ""Incredible endgame!"", ""view_count"": 15823, ""created_at"": ""2023-03-25T22:34:50Z"", ""thumbnail_url"": ""https://clips-media-assets.kick.com/262704865-preview-260x147.jpg""}, {""id"": ""SmoothBrainJokerBleedPurple"", ""url"": ""https://clips.kick.com/SmoothBrainJokerBleedPurple"", ""embed_url"": ""https://clips.kick.com/embed/SmoothBrainJokerBleedPurple"", ""broadcaster_id"": ""106415781"", ""broadcaster_name"": ""gmhikaru"", ""creator_id"": ""47401"", ""creator_name"": ""EpicGamer42"", ""video_id"": ""292634411"", ""game_id"": ""488552"", ""language"": ""en"", ""title"": ""Hilarious blunder in Blitz game"", ""view_count"": 20391, ""created_at"": ""20...'}
Step 2: {'name': 'get_channel_details_for_kick_com_api_kick_api', 'arguments': '{\n  ""channel_name"": ""gmhikaru""\n}', 'response': '{""error"": """", ""response"": {""channel_name"": ""gmhikaru"", ""title"": ""Grandmaster Chess Tactics and Analysis"", ""status"": ""live"", ""viewers"": 3200, ""followers"": 500000, ""partnered"": true, ""language"": ""English"", ""broadcaster_type"": ""partner"", ""game_category"": ""Chess"", ""stream_started"": ""2023-04-07T15:30:00Z"", ""mature_content"": false, ""channel_description"": ""Join GM Hikaru as he discusses chess strategies, breaks down famous games, and challenges viewers to puzzles."", ""tags"": [""Chess"", ""Educational"", ""Interactive"", ""Competitive""], ""logo"": ""https://kick.com/user/gmhikaru/logo.jpg"", ""banner"": ""https://kick.com/user/gmhikaru/banner.jpg"", ""video_banner"": ""https://kick.com/user/gmhikaru/video-banner.jpg"", ""badges"": [""Grandmaster"", ""Educator"", ""Entertainer""], ""social_media"": {""twitter"": ""https://twitter.com/gmhikaru"", ""youtube"": ""https://www.youtube.com/user/GMHikaru"", ""instagram"": ""https://www.instagram.com/gmhikaru/"", ""discord"": ""https://discord.gg/hikaru""}, ""donations"": {""patreon"": ""https://www.patreon.com/gmhikaru"", ""pa...'}
Step 3: {'name': 'Finish', 'arguments': '{\n  ""return_type"": ""give_answer"",\n  ""final_answer"": ""The \'gmhikaru\' channel on Kick.com is a Grandmaster Chess Tactics and Analysis channel. It is currently live with 3200 viewers and has 500,000 followers. The channel is partnered and mainly focuses on chess content. The stream started on 2023-04-07 at 15:30:00 UTC. The channel offers educational, interactive, and competitive chess content. You can find more information about gmhikaru on their social media platforms such as Twitter, YouTube, Instagram, and Discord. Donations can be made through Patreon and PayPal. Here are a couple of clips from the channel: \'Incredible endgame!\' with 15,823 views and \'Hilarious blunder in Blitz game\' with 20,391 views.""\n}', 'response': ''}"	"Final step: {'name': 'Finish', 'arguments': '{\n  ""return_type"": ""give_answer"",\n  ""final_answer"": ""The \'gmhikaru\' channel on Kick.com is a Grandmaster Chess Tactics and Analysis channel. It is currently live with 3200 viewers and has 500,000 followers. The channel is partnered and mainly focuses on chess content. The stream started on 2023-04-07 at 15:30:00 UTC. The channel offers educational, interactive, and competitive chess content. You can find more information about gmhikaru on their social media platforms such as Twitter, YouTube, Instagram, and Discord. Donations can be made through Patreon and PayPal. Here are a couple of clips from the channel: \'Incredible endgame!\' with 15,823 views and \'Hilarious blunder in Blitz game\' with 20,391 views.""\n}', 'response': ''}"	virtual_chatgpt_dfs	608	{0: 'AnswerStatus.Solved', 1: 'AnswerStatus.Solved', 2: 'AnswerStatus.Solved'}
I'm a football enthusiast and I want to know more about Lionel Messi's career. Can you provide me with information about Messi's clubs, managers, teammates, and referees? I'm also curious about any notable transfers he has made.	['songkick_concert_for_theclique', 'songkick_artist_for_theclique', 'songkick_festivals_for_theclique', 'transfermarkt_search_for_theclique', 'list_artist_concerts_for_theclique', 'get_artist_overview_for_theclique', 'transfermarkt_details_for_theclique', 'songkick_search_artist_for_theclique', 'tunefind_for_details_for_theclique', 'get_info_about_artist_for_theclique', 'Finish']	"Step 1: {'name': 'transfermarkt_search_for_theclique', 'arguments': '{\n  ""name"": ""Lionel Messi""\n}', 'response': '{""error"": """", ""response"": ""Lionel Messi is an Argentine professional footballer who plays as a forward. He is considered one of the greatest players of all time and has spent the majority of his career at FC Barcelona before transferring to Paris Saint-Germain in August 2021. During his time with Barcelona, he won numerous club titles, including 10 La Liga titles and 4 UEFA Champions League titles. Messi has also been awarded the Ballon d\'Or, given to the world\'s best player, 7 times in his career, a record as of the current date. In the 2020-2021 season with Barcelona, prior to his transfer, Messi scored 30 goals in La Liga and had 9 assists. Following his move to PSG, Messi has been adapting to the French league, known as Ligue 1, and has contributed to the team with key goals and assists. With the Argentina national team, Messi has achieved significant success, culminating in winning the Copa America in 2021, where he played a pivotal role in the team\'s victory.""}'}
Step 2: {'name': 'list_artist_concerts_for_theclique', 'arguments': '{\n  ""id_artist"": ""28003""\n}', 'response': '{""error"": """", ""response"": {""artist_id"": ""28003"", ""concerts"": [{""concert_id"": ""30125"", ""venue"": ""Red Rocks Amphitheatre"", ""location"": ""Morrison, Colorado"", ""date"": ""2023-06-15"", ""time"": ""20:00""}, {""concert_id"": ""32347"", ""venue"": ""Wembley Stadium"", ""location"": ""London, England"", ""date"": ""2023-07-08"", ""time"": ""19:45""}, {""concert_id"": ""34218"", ""venue"": ""Sydney Opera House"", ""location"": ""Sydney, Australia"", ""date"": ""2023-08-12"", ""time"": ""20:30""}, {""concert_id"": ""36002"", ""venue"": ""Tokyo Dome"", ""location"": ""Tokyo, Japan"", ""date"": ""2023-09-20"", ""time"": ""19:00""}], ""additional_info"": ""For ticket pricing, seating options, and additional tour dates, please visit the official artist website or the venue\'s ticketing platform. Stay tuned for more updates on possible meet and greet events and merchandise sales at concert venues.""}}'}
Step 3: {'name': 'transfermarkt_details_for_theclique', 'arguments': '{\n  ""type_s"": ""players"",\n  ""other"": """",\n  ""id_talent"": ""28003"",\n  ""part_slug"": """"\n}', 'response': '{""error"": """", ""response"": {""name"": ""Cristiano Ronaldo"", ""id"": ""28003"", ""profile"": {""position"": ""Forward"", ""current_club"": ""Al Nassr"", ""nationality"": [""Portugal""], ""age"": 37}, ""performance_data"": {""appearances"": {""current_season"": 10, ""total"": 895}, ""goals"": {""current_season"": 7, ""total"": 725}, ""assists"": {""current_season"": 3, ""total"": 223}}, ""market_value"": {""current"": ""45M \\u20ac"", ""highest"": ""120M \\u20ac""}, ""contract"": {""duration"": ""until 30.06.2025"", ""option"": null}, ""slug"": ""cristiano-ronaldo""}}'}
Step 4: {'name': 'get_artist_overview_for_theclique', 'arguments': '{\n  ""id_artist"": ""28003""\n}', 'response': '{""error"": """", ""response"": ""Artist Overview for ID 28003: The artist known as ID 28003 has established a unique position within the realm of global music. With a talent for merging traditional sounds with contemporary beats, they have created a niche following that stretches across different continents. The artist\'s journey in the music industry is marked by a series of innovative albums that have both challenged and delighted listeners. Their work often features multilingual lyrics, showcasing their versatility and global appeal. Not only have their tracks climbed the charts, but they have also played a pivotal role in popularizing certain underrepresented music genres. The artist\'s live shows are a masterful display of light and sound, providing a spectacular experience for concertgoers. Awards and nominations across various music categories are a testament to the artist\\u2019s prowess and critical reception. Their social media platforms are abuzz with activity, indicating a closely-knit community of followe...'}
Step 5: {'name': 'Finish', 'arguments': '{\n  ""return_type"": ""give_answer"",\n  ""final_answer"": ""Lionel Messi has had a remarkable career in football. He is considered one of the greatest players of all time. Messi is famously associated with FC Barcelona, where he played from 2004 to 2021. During that time, he won numerous domestic and international titles, including the UEFA Champions League and multiple La Liga championships. Messi had the privilege of working with esteemed coaches such as Pep Guardiola, Luis Enrique, and Ronald Koeman. He played alongside talented teammates such as Andres Iniesta, Xavi Hernandez, Neymar, and Luis Suarez. Messi recently made a high-profile transfer to Paris Saint-Germain (PSG) in August 2021. Unfortunately, I don\'t have information about his referees. Overall, Messi\'s career is marked by incredible achievements and contributions to the sport of football.""\n}', 'response': ''}"	"Final step: {'name': 'Finish', 'arguments': '{\n  ""return_type"": ""give_answer"",\n  ""final_answer"": ""Lionel Messi has had a remarkable career in football. He is considered one of the greatest players of all time. Messi is famously associated with FC Barcelona, where he played from 2004 to 2021. During that time, he won numerous domestic and international titles, including the UEFA Champions League and multiple La Liga championships. Messi had the privilege of working with esteemed coaches such as Pep Guardiola, Luis Enrique, and Ronald Koeman. He played alongside talented teammates such as Andres Iniesta, Xavi Hernandez, Neymar, and Luis Suarez. Messi recently made a high-profile transfer to Paris Saint-Germain (PSG) in August 2021. Unfortunately, I don\'t have information about his referees. Overall, Messi\'s career is marked by incredible achievements and contributions to the sport of football.""\n}', 'response': ''}"	virtual_chatgpt_dfs	588	{2: 'AnswerStatus.Solved', 1: 'AnswerStatus.Solved', 0: 'AnswerStatus.Solved'}
